word,count
a,271704
in,83466
the,62978
on,45669
and,44263
man,42598
is,41117
of,38776
with,36207
woman,22211
two,21642
are,20196
to,17607
people,17337
at,16259
an,15883
wearing,15709
young,13218
white,13178
shirt,12981
black,12311
while,11711
his,11495
blue,11310
red,9916
girl,9655
sitting,9620
men,9498
boy,9429
standing,9113
dog,9089
playing,8620
street,7998
group,7852
down,7678
front,7604
her,7414
walking,7339
holding,6985
one,6484
water,5957
by,5771
three,5770
women,5275
green,5221
up,5114
child,5078
looking,5067
as,5028
for,4899
little,4794
large,4753
outside,4702
yellow,4557
person,4479
children,4454
brown,4446
through,4297
from,4041
their,4037
hat,4037
other,3986
ball,3892
small,3779
next,3752
into,3731
over,3684
some,3547
dressed,3462
out,3432
another,3372
running,3369
building,3360
jacket,3348
riding,3313
around,3134
orange,3086
near,3016
field,2981
crowd,2963
stands,2935
beach,2904
background,2882
pink,2862
behind,2832
sidewalk,2812
jumping,2735
table,2682
girls,2679
sits,2612
grass,2597
snow,2534
bike,2533
that,2498
looks,2465
top,2415
camera,2411
air,2378
asian,2373
dogs,2354
stand,2336
city,2325
wall,2324
s,2314
player,2271
older,2269
hair,2221
four,2211
has,2198
working,2175
off,2155
soccer,2152
dress,2130
something,2124
it,2113
several,2105
gray,2086
talking,2072
shorts,2066
lady,2045
park,2041
him,2022
guitar,1994
picture,1993
walks,1988
pants,1986
boys,1976
smiling,1953
hand,1921
jeans,1918
plays,1907
play,1890
along,1870
together,1783
carrying,1783
game,1779
holds,1777
road,1770
car,1767
food,1755
bench,1753
them,1746
walk,1709
side,1698
baby,1667
face,1649
there,1642
glasses,1616
stage,1610
head,1603
blond,1593
old,1588
sit,1584
bicycle,1557
hands,1556
back,1550
taking,1525
doing,1522
tree,1513
pool,1509
watching,1496
guy,1474
rock,1474
each,1473
male,1473
couple,1469
baseball,1455
area,1444
who,1437
ground,1431
dirt,1409
he,1409
female,1397
dark,1390
being,1373
boat,1358
race,1354
performing,1342
day,1341
jumps,1338
striped,1338
mouth,1332
look,1328
tshirt,1327
construction,1323
suit,1317
long,1313
coat,1311
room,1301
purple,1301
across,1297
many,1290
sunglasses,1269
eating,1240
football,1240
under,1227
sign,1217
runs,1207
band,1197
kids,1193
horse,1191
using,1160
uniform,1158
sand,1156
microphone,1146
helmet,1144
reading,1143
its,1142
tennis,1136
or,1124
watch,1121
players,1114
be,1107
workers,1104
store,1093
toy,1084
watches,1081
floor,1076
wooden,1066
rides,1062
all,1061
against,1053
mountain,1050
this,1049
train,1046
ocean,1045
during,1042
basketball,1042
window,1037
cap,1037
about,1034
chair,1028
work,1028
elderly,1016
dancing,1013
busy,1007
clothing,1002
bag,1000
team,994
waiting,993
climbing,983
getting,979
middle,977
having,969
trees,968
swimming,964
outdoor,962
past,959
they,958
restaurant,948
colorful,946
shirts,942
making,940
posing,931
inside,926
covered,895
singing,891
trying,888
skateboard,887
fence,886
tan,875
market,863
five,858
line,854
she,852
light,848
ice,842
very,842
brick,838
big,837
hats,836
ride,820
towards,818
someone,814
sweater,814
beside,807
high,796
lake,796
motorcycle,795
hill,787
surrounded,785
bright,783
truck,780
cellphone,779
grassy,773
kitchen,772
laying,771
path,770
jump,768
cart,767
arms,767
outdoors,766
open,761
stick,757
book,756
body,751
track,751
clothes,749
vest,745
others,745
umbrella,736
river,735
bus,732
piece,723
outfit,711
swing,710
colored,708
tank,701
shopping,696
night,690
worker,683
trick,679
above,678
painting,677
enjoying,677
uniforms,675
event,673
snowy,670
stone,664
hanging,662
guys,658
drinking,656
ready,654
metal,652
full,648
paper,648
hard,645
music,645
toddler,645
run,645
sleeping,641
adults,632
house,627
takes,627
away,626
onto,624
shoes,621
right,618
arm,617
like,615
backpack,613
going,612
gathered,612
shop,611
phone,608
rocks,608
bridge,607
pole,604
wave,604
both,602
kid,601
smiles,601
after,599
family,599
dance,598
set,596
photo,594
rope,593
american,593
board,592
leaning,591
hockey,591
steps,590
flowers,588
catch,585
crowded,584
what,584
subway,582
pose,581
lot,577
left,573
preparing,566
gear,566
cowboy,564
skirt,560
have,560
shirtless,557
flag,555
sunny,553
african,553
bar,553
which,552
racing,552
costume,551
fishing,549
between,545
fire,545
fountain,545
chairs,527
laughing,523
machine,521
number,521
corner,517
public,516
setting,513
instruments,511
drink,509
volleyball,509
glass,508
plaid,506
stairs,503
wood,503
frisbee,503
appears,501
bags,500
adult,496
tall,495
plastic,495
couch,494
selling,491
concrete,489
police,489
beautiful,484
seated,483
sweatshirt,481
midair,474
equipment,471
forest,471
ramp,471
graffiti,471
cooking,467
computer,466
scarf,465
does,464
woods,463
slide,463
putting,462
beard,460
object,459
edge,457
toward,456
skateboarder,456
pushing,455
view,454
2,451
mountains,451
take,448
sky,447
ladies,447
boots,447
bed,446
nearby,445
distance,444
pictures,442
throwing,442
short,434
where,433
poses,433
rider,433
get,432
bikes,431
just,431
buildings,429
jersey,429
audience,425
cigarette,425
performs,425
playground,424
crossing,423
door,423
sun,422
winter,422
fish,419
pulling,419
eyes,415
vehicle,412
lawn,411
smoking,410
statue,409
painted,408
parade,408
instrument,407
leaves,407
trail,406
party,404
driving,402
rocky,402
horses,401
station,400
cleaning,399
friends,398
works,398
filled,396
six,395
lying,395
yard,394
giving,392
cars,392
few,392
school,391
safety,389
gentleman,389
cutting,389
beer,388
concert,382
art,380
cream,380
apron,380
no,378
mother,375
gloves,374
net,372
smile,372
shore,371
carries,371
structure,370
showing,365
martial,365
blondhair,365
middleaged,364
roof,364
hit,363
bottle,362
snowboarder,361
hold,360
reads,360
fruit,360
perform,359
jackets,359
wet,359
court,358
shoulder,356
rodeo,356
drums,355
cup,354
suits,353
newspaper,353
surfer,352
drinks,351
costumes,350
box,349
cross,348
vests,347
parked,347
various,346
bowling,346
goggles,345
facing,344
dock,343
display,343
biker,343
pointing,343
bunch,342
onlookers,342
practicing,341
spectators,340
dresses,340
sports,340
prepares,339
home,338
bathing,338
teams,338
students,337
talks,337
feet,336
arts,336
bull,336
counter,335
listening,334
flying,333
scene,332
swinging,331
flags,330
railing,329
make,329
mask,329
ladder,328
different,327
show,327
bird,327
bucket,327
pile,326
parking,325
vendor,325
makes,325
wedding,324
waves,323
rain,323
indian,322
paint,321
tent,321
gold,321
staring,320
coffee,320
gather,319
before,319
younger,317
skateboarding,316
speaking,316
blanket,315
3,315
time,314
grill,314
stop,313
cliff,312
desk,312
leather,311
basket,310
swim,309
new,308
tie,307
leans,307
empty,307
kicking,306
legs,306
attire,305
match,305
foreground,305
sort,304
talk,303
purse,301
flower,301
silver,299
cement,299
overlooking,298
same,297
items,297
conversation,297
leaps,296
skier,296
bearded,296
climbs,291
competition,291
darkhaired,288
life,288
bald,288
surfboard,288
bowl,286
writing,286
animal,285
outfits,285
bicycles,285
kneeling,285
attempting,285
bride,284
meal,283
musical,283
place,283
lined,283
shot,283
gets,283
military,283
business,282
tables,282
signs,282
balloon,280
rail,279
wears,279
can,278
way,276
electric,276
alley,275
tries,275
bikini,274
stroller,273
chasing,273
streets,273
site,272
lap,271
vegetables,269
chinese,269
surfing,267
sings,266
gathering,265
helmets,265
says,265
kissing,265
fighting,264
wait,264
screen,264
musicians,261
platform,261
sunset,260
blowing,260
leg,260
faces,259
lit,259
christmas,256
among,255
cake,254
traffic,254
gym,254
alone,253
uses,253
balloons,253
brunette,253
classroom,253
coming,252
resting,252
ski,252
trunks,252
hot,252
artist,251
ledge,251
base,251
bubbles,251
violin,251
class,250
walkway,250
scooter,250
sandy,250
huge,250
diving,250
kick,249
males,248
throw,248
garden,247
hiking,247
father,247
wooded,247
competing,247
teenage,246
course,246
shows,245
marathon,245
swings,245
laptop,245
cafe,244
waving,242
helping,241
break,240
meat,240
officer,239
skiing,239
close,239
go,238
urban,238
passing,238
opposing,238
headphones,237
foot,236
pass,236
plate,236
lights,236
town,236
collar,235
son,233
fun,233
sliding,233
sandals,232
wheel,232
traditional,231
held,231
karate,231
leaping,230
country,230
made,229
stadium,229
goal,228
cat,227
mirror,227
do,226
block,226
skating,225
performance,224
waits,224
church,223
doorway,223
clear,222
seen,222
photographer,222
happy,222
clown,222
drum,222
members,221
tracks,221
golf,220
shoulders,219
shallow,219
hole,218
toys,218
fixing,216
turn,216
office,216
shovel,216
ring,216
coats,216
type,215
dirty,215
balls,215
upside,215
video,214
brightly,214
digging,214
these,213
square,213
pier,212
sticks,211
dancers,210
hugging,210
attached,210
circle,209
below,209
leash,208
tattoo,208
umbrellas,208
multicolored,207
runner,207
sculpture,206
stream,205
throws,205
sled,205
makeup,205
runners,205
third,205
enjoy,204
giant,204
beige,204
photograph,204
grocery,204
asleep,204
performer,204
accordion,204
moving,203
mud,203
desert,203
trampoline,203
crying,202
barefoot,202
cyclist,202
reaching,201
lab,201
straw,201
microscope,201
row,200
nose,200
pond,200
catching,200
eat,200
bat,199
seat,199
climb,199
not,198
relaxing,198
tire,198
lays,197
himself,197
produce,197
washing,197
telescope,196
booth,196
dinner,196
how,196
windows,195
singer,195
jogging,195
tricks,195
hoodie,195
gun,194
skate,194
oriental,194
deck,193
individuals,193
sweeping,192
musician,192
neck,192
redhair,191
well,191
fight,191
books,191
underneath,191
attempts,191
canoe,190
catches,190
atop,189
matching,189
flip,189
heads,188
closed,187
pedestrians,187
golden,187
bicyclist,187
friend,187
falling,186
officers,186
stuffed,185
picnic,185
center,185
festival,185
pulled,185
teeth,185
heavy,184
plants,184
fallen,183
pushes,183
deep,183
device,183
end,182
blondhaired,182
kind,182
drawing,182
chef,182
fair,181
van,181
splashing,181
khaki,181
decorated,181
muddy,181
goes,180
see,179
including,179
project,179
marching,179
also,178
lone,178
pair,178
cane,178
eats,176
roller,176
dances,176
covering,175
boats,175
taken,175
cloth,175
racket,175
crosswalk,174
lots,174
wetsuit,174
whilst,173
cut,173
backyard,172
jean,172
indoor,172
here,172
obstacle,172
carnival,172
females,171
wear,171
tongue,171
camouflage,171
blouse,170
daughter,170
but,170
wrapped,170
speaks,170
points,170
cold,169
seven,169
hooded,168
teenagers,168
cheerleaders,168
airplane,167
kicks,167
tunnel,167
flies,167
checking,167
stunt,167
pouring,166
opening,166
picking,166
denim,166
part,165
local,165
gives,165
railroad,165
curb,165
robe,165
mural,165
rugby,164
help,164
nice,163
bottom,163
wide,163
pavement,162
balcony,162
multiple,162
low,162
professional,162
sea,162
trash,162
groom,161
kayak,161
hitting,161
sleeps,161
motorcycles,161
fans,161
passes,161
gymnast,160
hose,160
infant,160
bandanna,160
rolling,160
colors,160
guitars,160
hoop,160
mat,159
climber,159
appear,159
paved,158
log,158
surface,158
move,158
slides,158
polo,158
only,157
navy,157
pot,157
protective,157
drives,156
touching,156
overalls,156
balancing,156
put,156
piano,156
shooting,156
presentation,156
seems,155
raised,155
cow,155
direction,154
4,154
laundry,154
living,153
wrestling,153
dry,152
luggage,151
prepare,151
landscape,151
slope,151
puts,150
image,150
hula,150
poles,149
waterfall,149
inflatable,149
swims,149
skis,148
walls,148
sewing,148
round,148
enjoys,147
puddle,147
floating,147
fall,147
papers,147
scaffolding,146
bmx,146
pulls,146
referee,146
dancer,146
goalie,145
keyboard,145
sport,145
wine,144
goods,144
checkered,144
wheelchair,144
pipe,143
garbage,143
finger,143
banner,143
gate,142
tractor,142
harness,142
swimsuit,142
paints,142
reaches,142
without,141
staircase,141
riders,141
smoke,141
shaving,141
sale,140
ship,140
customers,140
snowboard,140
stool,140
chest,140
saxophone,140
kiss,140
pitcher,140
lies,139
juggling,139
belt,139
york,139
fabric,139
hay,139
guitarist,139
birds,139
ear,138
bending,138
darkskinned,138
hiker,138
floral,138
tool,138
club,138
cyclists,138
spray,137
longsleeved,137
plane,137
examining,137
post,137
rest,137
soldier,137
funny,137
hangs,137
moves,137
driver,136
sheet,136
thrown,136
conversing,136
themselves,136
closeup,136
either,136
opposite,136
cone,136
stares,136
army,136
5,135
half,135
crew,135
curly,135
arena,135
puppy,135
ears,134
performers,134
brownhaired,133
shoveling,133
knee,133
guard,133
shoe,133
bubble,133
boxes,132
tube,132
hammer,132
bicyclists,132
foreign,132
waters,131
surf,131
cloudy,131
shade,131
biking,131
bent,130
summer,130
serving,130
drummer,130
jerseys,130
shaking,129
raft,129
formal,129
steep,129
fingers,129
surrounding,129
animals,129
mustache,129
string,129
robes,129
podium,129
santa,129
good,128
blocks,128
pajamas,128
underwater,128
hurdle,128
racetrack,128
porch,127
tourists,127
native,127
candy,127
clean,127
chain,127
container,127
teacher,127
acoustic,127
towel,127
caught,126
you,126
machinery,126
longhaired,126
bottles,126
palm,126
lunch,126
soldiers,126
herself,125
shown,125
bread,125
lane,125
escalator,125
money,125
bucking,125
practice,124
chases,124
hikers,124
redhaired,124
tshirts,124
plant,124
use,124
suspended,124
heels,124
athletic,124
neon,123
marketplace,123
wagon,123
tattoos,123
backpacks,123
museum,123
sticking,123
cones,123
pieces,123
amusement,123
first,123
garb,123
intersection,122
backwards,122
barbecue,122
motorbike,122
flight,121
print,121
observing,121
caucasian,120
softball,120
hospital,120
style,120
swimmer,120
haircut,120
beam,119
happily,119
fast,119
member,119
paddling,119
bikers,119
lift,119
socks,119
trumpet,119
hallway,119
try,119
tools,118
bars,118
individual,118
laughs,118
hood,118
raising,118
visible,118
homeless,118
was,117
things,117
japanese,117
athlete,117
narrow,117
jumpsuit,117
participating,117
peace,117
scuba,117
maroon,117
puck,117
opponent,116
skirts,116
meeting,116
boxing,116
sheep,116
laugh,115
rests,115
poster,115
celebrating,115
tops,115
benches,115
sets,114
plaza,114
teenager,114
frame,114
airborne,114
flowered,114
downtown,114
model,114
snowboarding,114
sneakers,113
advertisement,113
airport,113
kneels,113
redheaded,113
necklace,113
helps,113
routine,113
beverage,113
eye,113
ponytail,113
button,113
mohawk,113
german,112
backs,112
firetruck,112
computers,112
speech,112
headband,112
i,111
leading,111
crosses,111
firefighters,111
mall,111
carriage,111
college,111
grilling,110
patio,110
squatting,110
ahead,110
reflective,109
gentlemen,109
sells,109
step,109
warm,109
stripes,109
color,108
caps,108
buying,108
naked,108
motocross,108
operating,107
broom,107
catcher,107
cobblestone,107
pull,107
motorcyclist,107
branch,107
baskets,107
space,107
student,106
courtyard,106
rink,106
mound,106
teal,106
cheering,106
wire,106
possibly,106
been,106
indoors,106
policeman,105
mom,105
paddle,105
gas,105
figure,105
balding,104
evening,104
magazine,104
welding,104
repairing,104
boardwalk,104
forward,104
brushing,104
smokes,104
nap,103
eastern,103
handstand,103
racer,103
choir,103
balance,102
map,102
pizza,102
tub,102
smaller,102
blows,102
gravel,102
position,102
spinning,102
mostly,102
barber,102
pan,101
newborn,101
biting,101
so,101
bank,101
tray,101
cook,101
sporting,101
skateboards,101
us,101
tied,100
neighborhood,100
sleeveless,100
attention,100
longsleeve,100
pitch,100
fresh,100
bass,100
weather,99
item,99
hits,99
tag,99
compete,99
folding,99
action,99
objects,99
entrance,98
displaying,98
fenced,98
eight,98
sofa,98
polka,98
garage,98
job,98
medical,98
carpet,98
orchestra,98
stove,97
ballet,97
rainbow,97
crane,97
rowing,97
intently,97
sword,97
cricket,97
lines,97
saw,97
brush,97
pigeons,97
cards,97
knees,97
studio,96
splashes,96
sell,96
hang,96
shaped,96
lead,96
hall,96
if,96
raises,96
crossed,96
shadow,96
fur,96
library,96
bushes,95
turned,95
fly,95
microphones,95
vehicles,95
passengers,95
carry,95
skates,95
amongst,95
lifting,95
uniformed,95
great,95
liquid,94
rubber,94
song,94
crouches,94
fruits,94
creek,94
wheels,94
pick,94
cardboard,94
start,94
photos,94
tents,94
pillow,93
outstretched,93
knife,93
tackle,93
single,93
guns,93
sharing,93
feeding,93
skater,93
carving,93
sing,93
excited,92
bathroom,92
security,92
stops,92
ribbon,92
castle,92
handing,92
wings,92
range,92
formation,92
protest,92
shoot,92
conference,92
buckets,92
read,91
taxi,91
watched,91
firemen,91
youth,91
attempt,91
star,91
stretching,91
ropes,90
headscarf,90
photographs,90
order,90
cover,90
stopped,90
leaving,90
pit,90
dishes,90
fisherman,90
transportation,90
coach,90
shepherd,89
spread,89
tile,89
ceiling,89
backdrop,89
pretty,89
swimmers,89
birthday,89
lamp,89
second,89
storefront,89
cups,89
sink,89
doors,88
tv,88
flipflops,88
plates,88
elephant,88
village,88
directions,88
float,88
overhead,88
ceremony,88
tattooed,88
pack,88
married,87
artwork,87
dining,87
corn,87
jewelry,87
snowcovered,87
farm,87
rural,87
case,87
beneath,87
heart,87
falls,87
apple,87
bouquet,87
strange,86
grayhaired,86
photographed,86
wading,86
called,86
chicken,86
parents,86
patterned,86
greyhound,86
tourist,85
suitcase,85
balances,85
apartment,85
barrel,85
land,85
cuts,85
derby,85
dune,85
groups,85
speed,85
horseback,85
ethnic,85
jockey,85
vegetable,84
kayaking,84
reach,84
telephone,84
dreadlocks,84
unicycle,84
shops,84
electronic,84
sides,84
checks,84
downhill,84
traveling,83
factory,83
lay,83
doctor,83
terrain,83
discussion,83
teaching,83
knit,83
hillside,83
gathers,83
free,83
teen,82
converse,82
atv,82
shovels,82
fancy,82
training,82
fix,82
africanamerican,82
jungle,82
collared,82
exercise,82
tower,82
bow,82
waist,82
observe,81
barrier,81
upon,81
rough,81
fluffy,81
buy,81
athletes,81
pottery,81
crouching,81
applying,80
donkey,80
still,80
stack,80
world,80
trailer,80
furry,80
attending,80
slightly,80
petting,80
pen,80
more,80
live,80
teammate,80
most,80
leads,80
candles,79
loading,79
sprinkler,79
gown,79
steel,79
rug,79
casual,79
power,79
control,79
bear,79
soda,79
kite,79
rollerblades,78
form,78
snack,78
engine,78
clouds,78
grinding,78
shaved,78
bath,78
furniture,78
seats,78
thumbs,78
hotel,78
religious,78
cleans,77
broken,77
mobile,77
straight,77
billboard,77
cooks,77
customer,77
discussing,77
act,77
carts,77
turning,77
name,77
protesters,77
races,77
camping,76
dish,76
mixing,76
flipping,76
patient,76
dusk,76
blow,76
vendors,76
thin,76
card,76
had,76
wrestle,76
games,76
clay,76
fan,76
protesting,76
rainy,76
calf,76
partially,75
rows,75
engaged,75
doll,75
fencing,75
couples,75
gymnasium,75
clapping,75
advertising,75
bleachers,75
numbers,75
sandwich,74
though,74
jet,74
similar,74
drive,74
tight,74
splash,74
dimly,74
bare,74
placing,74
fireman,74
follows,74
clad,74
olympics,74
slacks,73
gymnastics,73
duck,73
paddles,73
branches,73
craft,73
following,73
cheek,73
share,73
spoon,73
inspecting,73
starting,73
nt,73
calm,73
trunk,73
present,73
dead,73
bricks,72
bends,72
come,72
trashcan,72
tea,72
drill,72
written,72
leap,72
chase,72
examines,72
push,72
cameras,72
ornate,72
dust,72
coloring,72
finish,72
patch,71
nighttime,71
television,71
creating,71
covers,71
folded,71
cello,71
theater,71
filling,71
amidst,71
hug,71
larger,71
crafts,71
yoga,71
tape,70
tropical,70
spraying,70
weaving,70
gestures,70
kilt,70
hugs,70
fake,70
section,70
scenic,69
material,69
closely,69
chalk,69
kisses,69
cage,69
laptops,69
flute,69
variety,69
glove,69
firefighter,69
silhouette,69
rollerblading,69
stroll,68
batter,68
pins,68
skiers,68
groceries,68
masks,68
houses,68
belly,68
point,68
whom,68
listens,68
crouched,67
viewing,67
wind,67
dive,67
pale,67
relax,67
missing,67
carefully,67
motor,67
done,67
moment,67
placed,67
shoreline,67
we,67
beanie,67
tires,67
overweight,67
far,67
rally,67
chess,67
opens,67
london,67
umpire,67
observes,66
scenery,66
seem,66
jumped,66
stare,66
nature,66
peers,66
lighting,66
messy,66
iron,66
ages,66
practices,66
tee,66
tugofwar,66
stall,66
gallery,66
pours,66
racers,66
chatting,66
puppies,66
rollerskating,66
wheelie,66
forehead,66
touches,65
mid,65
casually,65
pigtails,65
pathway,65
skinny,65
played,65
loom,65
teammates,65
reflection,65
cute,65
juice,65
aisle,65
venue,65
coaster,65
rapids,65
sized,65
participate,65
turns,65
surfs,65
dot,65
licking,65
circular,65
chocolate,64
approaching,64
saying,64
listen,64
numerous,64
stones,64
displays,64
moped,64
repair,64
shoppers,64
parachute,64
tiny,64
grabbing,64
hind,64
tossing,64
notes,64
chewing,64
word,64
camel,64
speak,64
sunlight,63
binoculars,63
check,63
quickly,63
lifts,63
wares,63
flips,63
passenger,63
bowls,63
adjusting,63
celebration,63
comes,63
presents,63
olympic,63
ballerina,63
toddlers,62
snowshoes,62
dough,62
own,62
chalkboard,62
tiled,62
bite,62
rod,62
oven,62
exhibit,62
supplies,62
logo,62
wheelbarrow,62
examine,62
hispanic,62
shadows,62
mop,62
tour,62
wig,62
embrace,62
hoops,62
canvas,61
design,61
shades,61
march,61
hut,61
story,61
silly,61
environment,61
yarn,61
lounge,61
sweeps,61
bagpipes,61
alleyway,61
score,60
descent,60
stripe,60
products,60
flat,60
embracing,60
mouths,60
learning,60
within,60
movie,60
landing,60
lacrosse,60
horn,60
drawn,60
autumn,60
lecture,60
tripod,60
rollerskates,59
almost,59
machines,59
frozen,59
lean,59
expression,59
hills,59
rack,59
chainsaw,59
pads,59
words,59
crates,59
makeshift,59
arcade,59
dad,59
company,59
eggs,59
cameraman,59
camels,59
rolls,59
spotted,58
shakes,58
leotard,58
turban,58
valley,58
chefs,58
helicopter,58
playfully,58
printed,58
midst,58
dusty,58
begins,58
underwear,58
torch,58
1,58
admiring,57
modern,57
stump,57
teens,57
swimsuits,57
notebook,57
shower,57
industrial,57
hike,57
suspenders,57
wires,57
rolled,57
dj,57
farmer,57
monkey,57
serve,57
interacting,57
target,57
butterfly,57
decorative,57
cheer,57
dives,57
boards,56
blankets,56
cool,56
scrubs,56
pedestrian,56
boxer,56
pine,56
bouncing,56
roll,56
perched,56
offcamera,56
located,56
owner,56
brass,56
gift,56
poor,56
newspapers,56
rice,56
headed,56
tights,56
wrestler,56
stairway,55
trench,55
bamboo,55
bush,55
handrail,55
tiger,55
businessman,55
stomach,55
policemen,55
highway,55
cargo,55
knitting,55
debris,55
praying,55
interesting,55
jeep,55
tricycle,55
rear,55
wheeled,55
hotdog,55
writes,55
artists,54
shortsleeved,54
approaches,54
demonstration,54
rooftop,54
mountainside,54
asians,54
beads,54
gazes,54
trolley,54
emergency,54
scooters,54
portrait,54
odd,54
strip,54
gesture,54
give,54
brushes,54
bin,54
aprons,54
stilts,54
sledding,54
bulldozer,54
6,54
lounging,54
human,54
stretches,54
turquoise,54
angel,54
monument,54
cowboys,54
built,54
pinata,54
sailboat,54
nail,54
photographers,53
wild,53
blackhaired,53
merchandise,53
suv,53
link,53
crosscountry,53
contraption,53
mexican,53
underground,53
figures,53
farmers,53
pillar,53
cans,53
motorized,53
motion,53
pumpkin,53
diver,53
bathtub,53
contest,53
china,53
images,53
chat,53
tackled,53
ducks,53
load,52
curve,52
surgery,52
pretending,52
attractive,52
places,52
blurry,52
axe,52
cape,52
burning,52
breakdancing,52
mower,52
costumed,52
fishes,52
meet,52
followed,52
shaggy,51
demonstrating,51
pay,51
trip,51
sad,51
were,51
joy,51
displayed,51
asia,51
lifted,51
briefcase,51
jogs,51
entertaining,51
touch,51
crown,51
loaded,51
cycling,51
homemade,51
department,51
punching,51
strapped,51
workshop,51
wrestlers,51
colorfully,51
passersby,51
win,51
containing,50
tired,50
information,50
scaffold,50
will,50
sidelines,50
topless,50
hiding,50
aged,50
aerial,50
boarding,50
splashed,50
ten,50
burgundy,50
leaf,50
shiny,50
goat,50
sack,50
mouse,50
keep,50
posters,50
2012,50
stringed,49
beret,49
studying,49
cotton,49
clearing,49
sleeves,49
packed,49
shining,49
shorthaired,49
scouts,49
laboratory,49
planting,49
stretched,49
series,49
containers,49
nets,49
headdress,49
milk,49
french,49
medium,49
rings,49
snowball,49
laundromat,49
bend,49
location,49
tournament,49
chin,49
8,49
wash,49
too,48
warehouse,48
driveway,48
dig,48
stoop,48
elaborate,48
lips,48
beverages,48
entering,48
stepping,48
pots,48
chopping,48
vending,48
adjusts,48
call,48
mountainous,48
sleep,48
jumper,48
shawl,48
snacks,48
banjo,48
retriever,48
foods,48
pirate,48
graduation,48
consisting,48
wife,48
fireworks,48
gazing,47
bottoms,47
miniature,47
picks,47
support,47
candle,47
kicked,47
brother,47
somewhere,47
statues,47
hawaiian,47
amount,47
highchair,47
trucks,47
designs,47
grab,47
rifle,47
complete,47
handling,47
cellphones,47
tail,47
sailing,47
leggings,47
identical,47
bystanders,47
columns,47
merrygoround,47
gesturing,47
speaker,47
british,47
love,47
employee,46
framed,46
stuck,46
facial,46
menu,46
bib,46
conductor,46
plain,46
washes,46
skills,46
blood,46
science,46
unusual,46
sideways,46
stars,46
morning,46
socializing,46
belongings,46
tuxedo,46
egg,46
squats,46
huddle,46
drag,46
oranges,46
nun,46
cab,46
tackling,46
soap,46
snowsuit,46
toothbrush,46
babies,45
product,45
supermarket,45
skyline,45
care,45
meadow,45
grabs,45
decorations,45
cast,45
types,45
cows,45
repairs,45
follow,45
whose,45
mannequin,45
employees,45
pilot,45
involving,45
operates,45
service,45
battle,45
flannel,45
lime,45
nine,45
heavily,45
pet,45
strike,45
guards,45
auditorium,45
projector,45
daytime,45
crayons,45
cheese,45
bay,44
scaling,44
reception,44
tarp,44
whitehaired,44
electrical,44
amid,44
bikinis,44
age,44
featuring,44
pattern,44
logs,44
poodle,44
marked,44
handle,44
harbor,44
crashing,44
letters,44
dragging,44
process,44
numbered,44
atm,44
rescue,44
motorcyclists,44
blazer,44
mug,43
horizon,43
kiosk,43
relaxes,43
upward,43
magazines,43
fat,43
staff,43
yelling,43
activity,43
waterway,43
bedroom,43
festive,43
digs,43
build,43
eyeglasses,43
used,43
whistle,43
booths,43
dumpster,43
casting,43
blocking,43
digital,43
floats,43
spot,43
war,43
advertisements,43
peering,43
quarterback,43
spotlight,43
characters,43
beers,43
european,43
clock,43
temple,43
university,43
grinds,43
jockeys,43
skies,42
focus,42
instructor,42
hotdogs,42
tags,42
bananas,42
handbag,42
heading,42
scarves,42
extended,42
visiting,42
victory,42
surprised,42
scissors,42
checked,42
campfire,42
marble,42
champagne,42
waterskiing,42
foliage,42
browsing,42
signing,42
blurred,42
canadian,42
terminal,42
hydrant,42
bundled,42
wrap,42
cloud,42
canal,42
got,42
radio,42
spiderman,42
shape,42
when,42
times,42
nurse,42
double,42
fellow,42
greyhounds,42
lasso,42
clowns,42
lion,41
finishing,41
youths,41
enter,41
pictured,41
than,41
pauses,41
sharp,41
shelf,41
overlooks,41
stores,41
doctors,41
fields,41
pushed,41
monitor,41
earrings,41
lining,41
injured,41
draped,41
bronco,41
else,41
really,41
boxers,41
ingredients,41
competitive,41
casino,41
zone,41
community,41
focused,41
trains,41
main,40
metro,40
raincoat,40
camp,40
mcdonald,40
screaming,40
earphones,40
lighted,40
transit,40
sweaters,40
sparks,40
muslim,40
maintenance,40
thick,40
chopsticks,40
persons,40
crate,40
filming,40
crowds,40
purchase,40
inspects,40
seagulls,40
passed,40
curlyhaired,40
buried,40
paying,40
raise,40
surfers,40
tutu,40
celebrate,40
natural,40
roses,40
upper,39
paintings,39
sorting,39
bounce,39
barefooted,39
prepared,39
paperwork,39
afternoon,39
sprayed,39
pointed,39
tending,39
sheets,39
stirring,39
awning,39
deli,39
asking,39
india,39
punch,39
tablecloth,39
aquarium,39
buffet,39
sniffing,39
purses,39
skull,39
desks,39
hardwood,39
flock,39
cherry,39
jumpsuits,39
unhappy,39
cigarettes,39
deer,39
bra,39
receiving,39
sail,39
muzzle,39
potato,39
lush,38
climbers,38
mounted,38
ticket,38
drilling,38
crops,38
flowing,38
directly,38
tribal,38
upwards,38
surgical,38
driven,38
golfer,38
presenting,38
twirling,38
serves,38
marker,38
rafting,38
senior,38
recording,38
disc,38
kayaks,38
families,38
intense,38
personnel,38
razor,38
cheerleader,38
mini,38
curtain,38
icy,38
harmonica,38
speeds,38
bartender,38
pipes,37
suburban,37
bites,37
treat,37
laid,37
fashioned,37
garment,37
canyon,37
grand,37
photographing,37
boulder,37
stunts,37
rickshaw,37
freshly,37
perhaps,37
commercial,37
dinosaur,37
establishment,37
begin,37
draws,37
tying,37
waiter,37
riot,37
raking,37
shoots,37
usa,37
piles,37
peeking,37
apples,37
somebody,37
spots,36
protection,36
chips,36
spanish,36
contents,36
wilderness,36
striking,36
much,36
classic,36
cleaner,36
feather,36
pillows,36
feathers,36
fetch,36
sound,36
alcohol,36
completing,36
labeled,36
pig,36
lens,36
waitress,36
elmo,36
pacifier,36
strollers,36
text,36
dragon,36
khakis,36
rowboat,36
find,36
apart,36
hips,36
bookstore,36
level,36
medieval,36
portable,36
acting,36
oversized,36
flames,36
dryer,36
pin,36
trim,36
travel,36
beginning,36
workout,36
snake,36
even,36
st,36
backseat,36
ribbons,36
monk,36
warmly,36
monopoly,36
bunny,36
clothed,36
extreme,36
hurdles,36
sailor,36
mic,36
entertains,36
system,35
unknown,35
terrier,35
ties,35
lower,35
olive,35
wheeler,35
elder,35
whole,35
forested,35
necklaces,35
mountaintop,35
nurses,35
bicycling,35
everyone,35
fashion,35
aiming,35
awaiting,35
exiting,35
7,35
juggles,35
stacked,35
belts,35
sparring,35
social,35
asphalt,35
bowler,35
stuff,35
nightclub,35
vacuum,35
pillars,35
south,35
muscular,35
surround,35
newly,35
cop,35
america,35
pencil,35
bridesmaids,35
because,35
holiday,35
skaters,35
toilet,35
snowman,35
muzzled,35
canopy,35
badminton,35
cigar,35
least,34
caution,34
late,34
separate,34
elevator,34
shortsleeve,34
pickup,34
helmeted,34
cluttered,34
stacks,34
foam,34
frying,34
antique,34
cave,34
fist,34
rocking,34
named,34
butcher,34
flaming,34
cookie,34
propped,34
vegetation,34
cheerleading,34
stretch,34
cries,34
dolls,34
arch,34
early,34
redhead,34
nike,34
mechanical,34
last,34
convention,34
accident,34
experiment,34
watermelon,34
package,34
official,34
pocket,34
tosses,34
cattle,34
treelined,34
conducting,34
texting,34
checkers,34
jenga,34
exercising,34
unique,34
pad,34
record,34
monks,34
claus,34
monitors,34
kickboxing,34
breaking,33
substance,33
soft,33
looked,33
task,33
spring,33
mixer,33
bakery,33
bracelet,33
hunched,33
countryside,33
riverbank,33
applies,33
paws,33
pony,33
fireplace,33
thumb,33
cafeteria,33
progress,33
greenery,33
sundress,33
may,33
gardening,33
watering,33
uphill,33
nails,33
visor,33
hammock,33
tips,33
sat,33
completely,33
sponsored,33
stance,33
crawling,33
murky,33
scottish,33
tuba,33
fedora,33
fill,33
vintage,33
lands,33
league,33
fit,33
say,33
scales,33
kayaker,33
halloween,33
aqua,33
upsidedown,33
state,33
siting,33
racquet,33
banana,33
illuminated,33
carrier,33
beams,33
accompanied,33
jog,33
miami,33
salon,33
roadside,32
goatee,32
stopping,32
finished,32
cruise,32
rails,32
reddish,32
excitement,32
includes,32
served,32
trophy,32
motorbikes,32
ruins,32
peak,32
puppet,32
test,32
travels,32
angry,32
mascot,32
fog,32
licks,32
vacuuming,32
waterfront,32
enclosed,32
fatigues,32
scientist,32
plank,32
banners,32
facility,32
dribbles,32
parka,32
turkey,32
involved,32
lipstick,32
walmart,32
news,32
spike,32
batman,32
special,32
steering,32
braided,32
stair,31
hip,31
roadway,31
inflated,31
utility,31
collecting,31
shelves,31
best,31
collie,31
sprays,31
diner,31
interact,31
upset,31
fixes,31
mixed,31
tiles,31
fell,31
lobby,31
overpass,31
soup,31
ad,31
jewish,31
harp,31
serious,31
crazy,31
silhouetted,31
swords,31
tomatoes,31
lanterns,31
horns,31
collection,31
synchronized,31
innertube,31
my,31
floors,31
texas,31
distant,31
archway,31
quiet,31
citizens,31
cash,31
ordering,31
sister,31
directing,31
carousel,31
years,31
sprinklers,31
harvesting,31
treadmill,31
canoes,31
viewer,31
mess,31
buggy,31
swan,31
weird,30
those,30
shelter,30
curved,30
baked,30
avoid,30
varying,30
dried,30
skateboarders,30
activities,30
piggyback,30
incline,30
fountains,30
cityscape,30
maybe,30
opened,30
checkout,30
bungee,30
spins,30
wiping,30
clothesline,30
prayer,30
sculpting,30
shines,30
bored,30
skin,30
pets,30
companion,30
painter,30
boogie,30
bundle,30
island,30
mowing,30
inspect,30
megaphone,30
strikes,30
nearly,30
divers,30
mailbox,30
watermelons,30
sacks,30
polish,30
baton,30
clarinet,30
scout,30
barricade,30
organ,30
huddled,30
sunbathing,30
ballerinas,30
john,29
kimono,29
grills,29
quad,29
napping,29
unfinished,29
such,29
steam,29
shirted,29
strolls,29
braids,29
opponents,29
adorned,29
cheeks,29
operate,29
coast,29
woven,29
strolling,29
materials,29
rush,29
walked,29
parasailing,29
length,29
ambulance,29
oil,29
hammering,29
jack,29
easel,29
heavyset,29
parent,29
torn,29
breakfast,29
memorial,29
sweatshirts,29
peer,29
explaining,29
guide,29
change,29
shaves,29
character,29
states,29
blocked,29
foggy,29
pyramid,29
leashes,29
political,29
feeds,29
acrobatic,29
led,29
yawning,29
inline,29
pingpong,29
singers,29
superman,29
speeding,29
arrow,29
engage,29
microscopes,29
rollerblader,29
dunk,29
slam,29
gliding,28
phones,28
earth,28
flour,28
threw,28
complex,28
beat,28
pop,28
peach,28
handlebars,28
worn,28
headset,28
approach,28
gaze,28
patiently,28
walker,28
descending,28
circuit,28
connected,28
baggy,28
barren,28
handed,28
your,28
vertical,28
slicing,28
stay,28
posed,28
crawls,28
rag,28
nicely,28
cookies,28
ancient,28
note,28
handles,28
sleeve,28
ridden,28
cable,28
toe,28
barn,28
fetching,28
draw,28
skydiving,28
de,28
elementary,28
filmed,28
unloading,28
picket,28
mats,28
fishermen,28
jazz,28
midjump,28
file,28
ax,28
bows,28
massive,28
sooners,28
parallel,28
campus,28
sausages,27
wool,27
me,27
mass,27
javelin,27
fuzzy,27
coveralls,27
automobile,27
barbecuing,27
shack,27
crib,27
similarly,27
americans,27
elevated,27
sweatpants,27
ladders,27
preparation,27
offering,27
teeshirt,27
stirs,27
forms,27
guests,27
demonstrates,27
major,27
tends,27
cooler,27
chased,27
sold,27
hook,27
shed,27
focusing,27
mime,27
parts,27
typing,27
workmen,27
tracksuit,27
wrapping,27
leafy,27
pressure,27
soil,27
sawing,27
partner,27
exploring,27
maneuver,27
elbow,27
campsite,27
bridal,27
ipod,27
deserted,27
leader,27
abandoned,27
participants,27
drying,27
railway,27
column,27
suite,27
east,27
period,27
clutching,27
handheld,27
seafood,27
chickens,27
strings,27
barking,27
picker,27
weight,27
possession,27
am,26
10,26
legos,26
smooth,26
coke,26
somewhat,26
itself,26
our,26
upright,26
princess,26
trimming,26
lip,26
measuring,26
dropping,26
wakeboard,26
xylophone,26
renaissance,26
harnesses,26
packages,26
register,26
rabbits,26
struggling,26
enclosure,26
retrieving,26
violins,26
headgear,26
robot,26
height,26
buttondown,26
dressing,26
dots,26
toes,26
vibrant,26
scattered,26
aboard,26
hooping,26
fully,26
relay,26
backstroke,26
shave,26
screens,26
gifts,26
thinking,26
pigeon,26
markings,26
overcoat,26
award,26
chews,26
dilapidated,26
cats,26
celebrates,26
cocacola,26
equestrian,26
english,26
tulips,26
buses,26
chubby,26
thought,26
dishwasher,26
husband,25
railings,25
cultural,25
likely,25
mule,25
everywhere,25
flame,25
pedals,25
oldfashioned,25
sheer,25
removing,25
guiding,25
seeds,25
wades,25
fleece,25
searching,25
adolescent,25
unison,25
teddy,25
sucking,25
padded,25
halter,25
crosslegged,25
sight,25
unseen,25
wicker,25
turtle,25
lie,25
split,25
excitedly,25
hung,25
films,25
dyed,25
helped,25
flea,25
gocart,25
toast,25
random,25
rose,25
jar,25
reflecting,25
mill,25
bouncy,25
chains,25
coconut,25
tugging,25
purchasing,25
snowboards,25
scratching,25
pitching,25
floppy,25
basement,25
blower,25
bodysuit,25
dribbling,25
priest,25
wheat,25
attendant,25
stockings,25
trainer,25
chisel,25
confetti,25
film,25
strap,25
sumo,25
simultaneously,24
favorite,24
roping,24
pride,24
shake,24
oncoming,24
district,24
probably,24
newlywed,24
peaceful,24
stocking,24
drop,24
delivery,24
jesus,24
patrons,24
seating,24
dolphin,24
shaded,24
hikes,24
weeds,24
welldressed,24
winning,24
solo,24
flooded,24
drivers,24
cashier,24
trio,24
floaties,24
residential,24
exotic,24
happening,24
circus,24
cheers,24
saddle,24
pie,24
metallic,24
earmuffs,24
entertain,24
baking,24
storage,24
seagull,24
pockets,24
controls,24
whiteboard,24
forming,24
sipping,24
yoyo,24
squad,24
warming,24
mopping,24
pans,24
leopard,24
spin,24
tuxedos,24
balanced,24
apparently,24
teaches,24
themed,24
veil,24
sleds,24
rusty,24
monster,24
panel,24
devices,24
armed,24
kiddie,24
spongebob,24
kites,24
wetsuits,24
bears,24
arranged,23
seesaw,23
architecture,23
downward,23
scale,23
telling,23
extremely,23
multicolor,23
darkened,23
n,23
closes,23
barrels,23
sari,23
hauling,23
paintbrush,23
grins,23
cooked,23
carried,23
grandmother,23
sculptures,23
receives,23
eleven,23
dozen,23
flowery,23
mitt,23
pairs,23
features,23
12,23
kinds,23
wakeboarding,23
rubble,23
cartoon,23
dump,23
peoples,23
took,23
signal,23
designed,23
hello,23
clap,23
winding,23
thing,23
swimwear,23
creates,23
carved,23
hear,23
milling,23
depicting,23
array,23
dessert,23
goats,23
laden,23
washer,23
tanktop,23
besides,23
sunhat,23
create,23
message,23
exercises,23
competitors,23
exit,23
mix,23
cathedral,23
puzzle,23
rounds,23
casts,23
discuss,23
hundreds,23
buttons,23
amish,23
weights,23
ceremonial,23
destination,23
pretends,23
snowstorm,23
pub,23
hate,23
snowcapped,23
strawberry,23
liquor,23
slot,23
hopping,23
muzzles,23
competes,23
easter,23
sailboats,23
contains,23
ups,23
electronics,23
captured,23
cannon,23
dominoes,23
curling,23
defender,23
assisting,22
windbreaker,22
cabinet,22
13,22
punk,22
overlook,22
rafts,22
graphic,22
someones,22
rubs,22
hamburgers,22
feathered,22
woodland,22
cardigan,22
competitor,22
constructing,22
tickets,22
protect,22
technician,22
reclining,22
travelers,22
hides,22
concentrating,22
zoo,22
submerged,22
wheelchairs,22
await,22
attack,22
peeks,22
korean,22
toss,22
overcast,22
towed,22
theme,22
goofy,22
found,22
legged,22
bale,22
views,22
backward,22
dental,22
storm,22
crash,22
puffy,22
beating,22
sash,22
sunshine,22
tanned,22
tongs,22
headscarves,22
liberty,22
diaper,22
daily,22
lettering,22
semi,22
horizontal,22
corridor,22
exhibition,22
viewed,22
given,22
businessmen,22
salad,22
limb,22
fork,22
cycle,22
ultimate,22
alcoholic,22
tackles,22
sure,22
europe,22
caricature,22
surroundings,22
raining,22
ritual,22
cause,22
obscured,22
lost,22
messenger,22
congregate,22
remote,22
tow,22
pokemon,22
geese,22
popcorn,22
tightrope,22
violinist,22
potatoes,22
carpeted,22
donkeys,22
cubicle,22
elephants,22
cabin,21
boston,21
recently,21
snowmobile,21
ferry,21
breath,21
strewn,21
wineglasses,21
rounding,21
operation,21
tubes,21
artificial,21
lavender,21
dotted,21
beyond,21
wand,21
spatula,21
sisters,21
buttonup,21
interested,21
jogger,21
closing,21
rugs,21
pretend,21
slopes,21
bringing,21
spandex,21
bronze,21
rake,21
launch,21
twin,21
dangling,21
silk,21
pinned,21
stained,21
playpen,21
keeps,21
wakeboarder,21
straps,21
disney,21
gowns,21
keeping,21
angle,21
aid,21
bowtie,21
splits,21
bagpipe,21
rising,21
battling,21
engaging,21
resort,21
plow,21
docked,21
wielding,21
protester,21
sorts,21
agility,21
confused,21
pastries,21
wrist,21
masked,21
hilly,21
trays,21
write,21
better,21
emerges,21
mickey,21
skipping,21
bearing,21
topped,21
artistic,21
records,21
sniffs,21
awaits,21
guitarists,21
onlooker,21
headfirst,21
formally,21
smock,21
patriotic,21
ends,21
holes,21
steer,21
slab,21
professor,21
buddhist,21
pedal,21
symbols,21
directs,21
lantern,21
chip,21
positioned,21
crutches,21
united,21
marina,21
baseman,21
powerpoint,21
noodles,21
shady,21
exits,21
popping,21
cobbled,21
obama,21
kimonos,21
poking,20
powder,20
starring,20
janitor,20
sweep,20
moon,20
shielding,20
villagers,20
guarding,20
11,20
rises,20
saris,20
kneel,20
elegant,20
lounges,20
climbed,20
pancake,20
workman,20
assembling,20
rustic,20
assembled,20
france,20
chew,20
welcome,20
snowboarders,20
juggler,20
pail,20
offers,20
tip,20
kitten,20
gum,20
apparel,20
alike,20
sponge,20
styled,20
pain,20
defensive,20
breathing,20
9,20
exchange,20
seemingly,20
union,20
addresses,20
leashed,20
cables,20
arabic,20
dangerous,20
talent,20
surfboards,20
interior,20
kitty,20
pumpkins,20
africans,20
italian,20
attraction,20
kilts,20
organized,20
fighters,20
pitbull,20
washington,20
transport,20
grasping,20
seashore,20
bug,20
saxophones,20
combat,20
vast,20
towels,20
tricycles,20
contemplating,20
ditch,20
gloved,20
blindfolded,20
frowning,20
wigs,20
loose,20
bowing,20
gymnastic,20
scope,20
struggles,20
assortment,20
donations,20
embraces,20
rather,20
profile,20
graffitied,20
poodles,20
cockpit,20
ensemble,20
curious,20
participates,20
important,20
haired,20
scruffy,20
apparatus,20
popsicle,20
parachuting,20
rubbing,20
turtleneck,20
judges,20
extends,20
piled,20
amused,20
starts,20
snap,20
coverings,20
magnifying,20
central,20
vase,20
concession,20
surgeons,20
cemetery,20
appearing,20
adorable,20
streamers,20
capri,20
sparklers,20
smelling,20
tagged,20
actors,20
collide,20
dunes,20
ny,20
twister,20
dunking,20
playhouse,19
conveyor,19
soars,19
gay,19
solitary,19
beans,19
arched,19
kayakers,19
assorted,19
littered,19
baker,19
backhoe,19
incoming,19
soaked,19
cushion,19
ripped,19
sling,19
reclines,19
firing,19
speedo,19
seaweed,19
knives,19
hairnet,19
samples,19
starbucks,19
tote,19
girlfriend,19
retail,19
ridge,19
crab,19
weapon,19
minivan,19
anvil,19
boot,19
husky,19
orders,19
latin,19
tightly,19
armor,19
japan,19
skimpy,19
disk,19
meats,19
oklahoma,19
transporting,19
letter,19
fluorescent,19
mattress,19
mixes,19
fourth,19
should,19
angels,19
goers,19
mechanic,19
hooked,19
zip,19
wineglass,19
tomato,19
intricate,19
suitcases,19
shapes,19
plush,19
bit,19
ironing,19
overturned,19
bounds,19
delivering,19
shots,19
cloths,19
welds,19
language,19
culture,19
parachutes,19
selection,19
scary,19
studies,19
hairy,19
mallet,19
stairwell,19
folder,19
rabbit,19
join,19
rooster,19
focuses,19
index,19
pregnant,19
earbuds,19
rundown,19
potted,19
knitted,19
noses,19
accepting,19
except,19
seattle,19
eyed,19
tend,19
currently,19
brooms,19
chiseling,19
frames,19
hero,19
shield,19
escape,19
testing,19
patrol,19
chaps,19
beagle,19
national,19
tutus,19
eagle,19
year,19
navigates,19
meditating,19
clause,19
pulley,18
slowly,18
washed,18
passerby,18
determined,18
segway,18
youngsters,18
ascending,18
grown,18
snaps,18
soaking,18
newsstand,18
lanes,18
burgers,18
mascara,18
salmon,18
expressions,18
bell,18
aims,18
structures,18
scoop,18
stools,18
beaded,18
hamburger,18
shit,18
bottled,18
tilted,18
entertainment,18
professionals,18
grin,18
occupied,18
re,18
cartwheel,18
garments,18
mingle,18
strumming,18
oar,18
billiards,18
damaged,18
huts,18
struggle,18
walkers,18
crystal,18
bad,18
california,18
symbol,18
highfive,18
scared,18
real,18
vaulting,18
barriers,18
citizen,18
raw,18
emerging,18
pastry,18
earring,18
meter,18
grinning,18
jets,18
zebra,18
proudly,18
obstacles,18
changing,18
circles,18
mops,18
graffiticovered,18
leotards,18
mesh,18
wii,18
grain,18
brownish,18
polkadot,18
winds,18
challenge,18
possible,18
welder,18
mark,18
spending,18
historic,18
canoeing,18
greeting,18
cola,18
vocalist,18
instructions,18
cutoff,18
poker,18
drawings,18
owners,18
partly,18
ford,18
dentist,18
la,18
undershirt,18
ran,18
sweat,18
rehearsing,18
jug,18
contact,18
flipped,18
glider,18
any,18
buys,18
poised,18
snowbank,18
limbs,18
schoolgirls,18
coca,18
vacation,18
mothers,18
judge,18
lumber,18
lamps,18
aside,18
butter,18
pokes,18
crest,18
marsh,18
brothers,18
herd,18
middleage,18
cob,18
pavilion,18
zombie,18
dunks,18
keys,18
mcdonalds,18
dandelion,18
lock,18
cellular,17
shouting,17
installing,17
smoothing,17
joggers,17
descends,17
skillet,17
surgeon,17
doberman,17
sleigh,17
scantily,17
gap,17
receive,17
offroad,17
nude,17
self,17
presses,17
woodworking,17
blowtorch,17
rimmed,17
oars,17
roadwork,17
historical,17
attaching,17
clipboard,17
beaker,17
adjust,17
shrubs,17
sips,17
backpacker,17
sexy,17
squinting,17
bales,17
captain,17
breakdancer,17
convenience,17
revealing,17
capture,17
chops,17
visitors,17
retrieves,17
sweet,17
posts,17
mail,17
guides,17
irish,17
locked,17
shined,17
active,17
drops,17
unidentified,17
admires,17
strips,17
mature,17
stoplight,17
crafting,17
bins,17
banquet,17
graying,17
feed,17
flotation,17
descend,17
breast,17
mist,17
alligator,17
bases,17
chicago,17
procedure,17
need,17
drumsticks,17
shields,17
bookbag,17
projected,17
isle,17
manual,17
addressing,17
tossed,17
fighter,17
punches,17
harnessed,17
carpenter,17
bulls,17
pretzels,17
gates,17
bracelets,17
hopscotch,17
tambourine,17
decorating,17
taxis,17
beauty,17
lollipop,17
newlyweds,17
merchant,17
wade,17
selecting,17
broad,17
trousers,17
kit,17
convertible,17
dollhouse,17
return,17
greenhouse,17
sails,17
rakes,17
kettle,17
wallet,17
telescopes,17
windsurfer,17
pro,17
bucked,17
unit,17
sauna,17
ramps,17
slung,17
save,17
extending,17
binder,17
deere,16
assembly,16
let,16
wanting,16
iced,16
dim,16
footbridge,16
supported,16
handkerchief,16
shrubbery,16
could,16
warning,16
partying,16
petals,16
fourwheeler,16
scoring,16
glowing,16
safe,16
maker,16
border,16
torches,16
workbench,16
blacksmith,16
cord,16
adjacent,16
squirting,16
pour,16
leaned,16
fed,16
finishes,16
hammers,16
audio,16
strong,16
waring,16
growling,16
sip,16
waterskier,16
watercraft,16
visit,16
arrive,16
oddly,16
sausage,16
lid,16
donuts,16
crowns,16
handicapped,16
stationary,16
seeing,16
trombone,16
classical,16
squares,16
coconuts,16
thread,16
flashlight,16
exterior,16
slender,16
kitchenaid,16
squeezing,16
function,16
bonfire,16
list,16
hidden,16
gated,16
shoeshine,16
magic,16
canned,16
diners,16
quilt,16
study,16
drunk,16
concentrates,16
choppy,16
limo,16
reviewing,16
pirates,16
slip,16
pause,16
folk,16
landed,16
junk,16
weaves,16
participant,16
nothing,16
shingles,16
mariachi,16
matches,16
fort,16
tunic,16
sweaty,16
sprints,16
cakes,16
sample,16
peaks,16
tap,16
troops,16
constructed,16
sews,16
might,16
decoration,16
wizard,16
congregating,16
restaurants,16
attentively,16
ref,16
fairy,16
bounces,16
marches,16
sites,16
enthusiastically,16
once,16
banks,16
trimmed,16
scratches,16
growing,16
eagerly,16
western,16
attend,16
diverse,16
secured,16
steal,16
windowsill,16
gondola,16
bee,16
loaf,16
enthusiastic,16
skyscrapers,16
stethoscope,16
taste,16
windsurfing,16
saluting,16
fencers,16
completes,15
latex,15
conditions,15
nintendo,15
balconies,15
handmade,15
rocker,15
captures,15
quietly,15
tribe,15
fists,15
tram,15
fills,15
forrest,15
halfway,15
pedaling,15
defending,15
stacking,15
ridding,15
camper,15
worked,15
putt,15
mirrored,15
retrieve,15
spiked,15
ollie,15
horsedrawn,15
batting,15
pump,15
slices,15
squirt,15
semicircle,15
region,15
curtains,15
backlit,15
begging,15
decide,15
san,15
leafless,15
seal,15
referees,15
wok,15
performed,15
presumably,15
boating,15
bangs,15
interviewed,15
cords,15
curled,15
cutout,15
laps,15
sushi,15
onesie,15
bound,15
jobs,15
forefront,15
brightlycolored,15
tide,15
gazebo,15
paw,15
drags,15
dye,15
mannequins,15
nuts,15
speakers,15
dart,15
cupcakes,15
weighing,15
mustard,15
barely,15
supporting,15
darker,15
lizard,15
admire,15
yankees,15
bongo,15
tasks,15
instructing,15
professionally,15
mossy,15
mainly,15
force,15
lovely,15
portion,15
squirted,15
yet,15
croquet,15
attired,15
naps,15
homework,15
butt,15
chinatown,15
drenched,15
defense,15
skeleton,15
medals,15
stainless,15
proud,15
purchases,15
spar,15
procession,15
hearts,15
glancing,15
hippie,15
temporary,15
labor,15
cowgirl,15
quite,15
boulders,15
pajama,15
galloping,15
cinder,15
glacier,15
won,15
pigs,15
mittens,15
crayon,15
chested,15
pastel,15
pompoms,15
mount,15
cereal,15
roman,15
mp3,15
m,15
vessel,15
reporter,15
marriage,15
daylight,15
personal,15
knock,15
diamond,15
afro,15
footballer,15
glides,15
dollar,15
tech,15
onlooking,15
defenders,15
lighthouse,15
every,15
folks,15
openair,15
breakdances,15
hovering,15
fires,15
duffel,15
aircraft,15
styrofoam,15
protecting,15
web,15
gig,15
bring,15
lovers,15
patrick,15
again,15
layup,15
taller,15
tricolored,14
vault,14
search,14
remove,14
converses,14
karaoke,14
lunges,14
skyscraper,14
tin,14
percussion,14
bigger,14
warrior,14
awe,14
clerk,14
puddles,14
bicyclers,14
cleaned,14
suds,14
dozens,14
mingling,14
diligently,14
bathed,14
backpackers,14
tucked,14
scooping,14
aim,14
frog,14
playful,14
rollerskaters,14
bats,14
gambling,14
pant,14
hoses,14
bust,14
sandwiches,14
technique,14
roasting,14
carve,14
cages,14
metropolitan,14
highly,14
coral,14
expanse,14
scientists,14
trotting,14
size,14
watery,14
southeast,14
arranging,14
famous,14
screams,14
flowering,14
couches,14
dumping,14
defend,14
crocs,14
outcropping,14
friendly,14
mike,14
law,14
shrine,14
bazaar,14
manhole,14
lei,14
grandfather,14
gi,14
sons,14
satchel,14
darts,14
route,14
picked,14
fine,14
projects,14
press,14
clears,14
situation,14
forklift,14
romantic,14
queen,14
assist,14
ravine,14
gain,14
eatery,14
waling,14
prints,14
platter,14
mustached,14
planks,14
preteen,14
volunteers,14
question,14
blade,14
chained,14
cylinder,14
weapons,14
interviewing,14
storefronts,14
muscle,14
problem,14
cameramen,14
rushing,14
machete,14
spiral,14
locomotive,14
lively,14
lonely,14
arab,14
typewriter,14
faced,14
ringing,14
cooling,14
spikes,14
strums,14
higher,14
twins,14
trap,14
spreading,14
master,14
runway,14
stood,14
prop,14
sprinting,14
blackboard,14
rise,14
glances,14
cliffs,14
waterside,14
photography,14
prize,14
snowing,14
hawk,14
lets,14
cupcake,14
stitch,14
wavy,14
relaxed,14
offwhite,14
bandage,14
bone,14
needs,14
indians,14
hoping,14
sculptor,14
learn,14
providing,14
desolate,14
adidas,14
sees,14
treats,14
assistance,14
windy,14
headdresses,14
bill,14
calling,14
returning,14
advertises,14
dreads,14
middleeastern,14
wonder,14
tuning,14
parlor,14
latino,14
2008,14
peddling,14
international,14
heat,14
wristband,14
beijing,14
paintball,14
homes,14
unicef,14
squirrel,14
winner,14
chemistry,14
pierced,13
dolly,13
know,13
jars,13
sidewalks,13
harvest,13
peeling,13
takeout,13
sleepy,13
piercings,13
badge,13
communicating,13
brochure,13
weathered,13
sizes,13
fingernails,13
positions,13
shaft,13
blown,13
auto,13
scoops,13
quick,13
wrong,13
prevent,13
drain,13
clinging,13
poverty,13
entertainer,13
season,13
somersault,13
acrobatics,13
dummy,13
goose,13
expensive,13
wants,13
sex,13
commuters,13
wander,13
hunting,13
shares,13
claps,13
surrounds,13
release,13
tiara,13
fashionable,13
hour,13
populated,13
summit,13
trots,13
bicycler,13
ikea,13
everything,13
heated,13
25,13
haul,13
technology,13
tattered,13
pancakes,13
direct,13
breaks,13
donut,13
tball,13
releasing,13
dumps,13
enforcement,13
formed,13
jackhammer,13
videotaping,13
ballgame,13
africa,13
adding,13
lowered,13
tanks,13
blossoms,13
recipe,13
swampy,13
fixture,13
pitchers,13
organizing,13
bun,13
threewheeled,13
cannot,13
maneuvers,13
greens,13
snorkel,13
charcoal,13
keyboards,13
litter,13
postal,13
attentive,13
concerned,13
foil,13
bands,13
fliers,13
slice,13
angeles,13
campers,13
christian,13
observed,13
thomas,13
soldering,13
hairstyle,13
spiky,13
crocodile,13
designer,13
bundles,13
sparkly,13
airline,13
foundation,13
skips,13
flashing,13
doorstep,13
handful,13
accessories,13
darkcolored,13
gingerbread,13
dustpan,13
carves,13
ankle,13
interviews,13
herding,13
escalators,13
sideline,13
bodies,13
letting,13
crashes,13
clings,13
ukulele,13
joe,13
pumps,13
gorilla,13
available,13
ox,13
cheered,13
gently,13
ornament,13
boa,13
trade,13
patches,13
velvet,13
government,13
batons,13
baggage,13
vine,13
bathrobe,13
mr,13
chunk,13
creature,13
barechested,13
nursing,13
dorm,13
mane,13
strides,13
anticipation,13
projection,13
officials,13
lockers,13
loud,13
twelve,13
schoolgirl,13
menus,13
texts,13
penguin,13
twisting,13
sledgehammer,13
troupe,13
quartet,13
seniors,13
bmw,13
barbie,13
parasol,13
mexico,13
accents,13
otherwise,13
yamaha,13
spider,13
pinstriped,13
lingerie,13
pitches,13
sombrero,13
berlin,13
britain,13
rig,12
decorate,12
packing,12
dome,12
blank,12
30,12
must,12
crouch,12
pamphlet,12
responding,12
peppers,12
rv,12
adobe,12
physical,12
tug,12
kept,12
statute,12
landmark,12
would,12
indigenous,12
kabobs,12
horizontally,12
builds,12
session,12
browse,12
wipes,12
ascends,12
lobster,12
footprints,12
slanted,12
rectangular,12
towing,12
aluminum,12
compact,12
refreshing,12
cleats,12
surprise,12
collect,12
barks,12
islamic,12
backflip,12
today,12
misty,12
wandering,12
already,12
kissed,12
started,12
spear,12
ally,12
sketch,12
oxen,12
reflected,12
overhang,12
grouped,12
formations,12
vegas,12
controlled,12
attendees,12
frosting,12
sauce,12
civilian,12
ninja,12
questions,12
netting,12
brand,12
amazing,12
markers,12
steers,12
promoting,12
joke,12
blur,12
wit,12
canes,12
civilians,12
beater,12
contestant,12
grounds,12
herbs,12
twirls,12
navigating,12
taught,12
cracked,12
refreshments,12
tissue,12
occurring,12
amplifier,12
pasta,12
crop,12
billboards,12
trailing,12
entertainers,12
fencedin,12
arrangement,12
rifles,12
sparkler,12
sparkling,12
plugging,12
grilled,12
comic,12
occasion,12
bassist,12
turbans,12
sidebyside,12
puzzled,12
holing,12
passionately,12
plywood,12
canada,12
caged,12
props,12
frolics,12
veterans,12
shotgun,12
rainstorm,12
paddy,12
streetlights,12
hijab,12
necks,12
intimate,12
skill,12
include,12
boarder,12
snorkeling,12
basketballs,12
repelling,12
soaring,12
shoeless,12
congregation,12
marks,12
bridesmaid,12
nyc,12
barricades,12
knits,12
collars,12
royal,12
reindeer,12
shading,12
streetlight,12
continue,12
bluegreen,12
warmers,12
cocktail,12
embankment,12
jamming,12
wheeling,12
rocket,12
powered,12
hoods,12
hollywood,12
comfortable,12
neatly,12
crack,12
returns,12
wraps,12
youngster,12
dolphins,12
applied,12
pensive,12
solid,12
colourful,12
internet,12
rearing,12
lego,12
pointy,12
normal,12
tongues,12
potter,12
dandelions,12
waffle,12
drumming,12
rushes,12
thatched,12
canon,12
areas,12
flexing,12
portraits,12
offer,12
los,12
want,12
abstract,12
jugs,12
grinder,12
insect,12
sashes,12
rains,12
arches,12
charging,12
acrobat,12
sticker,12
necktie,12
awkwardly,12
competitively,12
solider,12
finds,12
price,12
streaks,12
lesson,12
amazement,12
hedge,12
cases,12
brimmed,12
observers,12
bagel,12
trendy,11
surveys,11
roped,11
burger,11
coolers,11
creation,11
onions,11
stock,11
downwards,11
pineapples,11
shells,11
treks,11
constructions,11
basin,11
squat,11
soapy,11
decides,11
jagged,11
perfect,11
headbands,11
lottery,11
fitting,11
joyfully,11
drawer,11
kneehigh,11
fabrics,11
beds,11
signals,11
suspension,11
emotion,11
upcoming,11
grimaces,11
potential,11
3rd,11
florida,11
drummers,11
desktop,11
tussle,11
meals,11
edges,11
trumpets,11
broadly,11
sock,11
countertop,11
golfing,11
explores,11
barred,11
ca,11
arid,11
ribs,11
sanitation,11
planter,11
napkin,11
vacuums,11
removes,11
navigate,11
bumpy,11
dropped,11
steaks,11
fathers,11
magenta,11
labrador,11
racks,11
backed,11
ink,11
panels,11
chats,11
taped,11
panda,11
plowing,11
cue,11
article,11
socialize,11
grandson,11
trouble,11
outer,11
trails,11
pug,11
boss,11
italy,11
explains,11
cancer,11
cure,11
lemons,11
searches,11
seriously,11
shocked,11
flatbed,11
uncut,11
decals,11
braces,11
offscreen,11
leave,11
palace,11
adventure,11
hoodies,11
creme,11
veteran,11
vivid,11
globe,11
days,11
grasps,11
exciting,11
specimen,11
hound,11
strawberries,11
comforting,11
fold,11
toilets,11
upturned,11
greet,11
backside,11
pearl,11
era,11
slow,11
interview,11
assists,11
intensely,11
vista,11
hulahoop,11
sales,11
scored,11
fixed,11
leafs,11
peacock,11
port,11
ceramic,11
breed,11
mardi,11
gras,11
sunlit,11
guest,11
preschool,11
poncho,11
knight,11
israeli,11
coworkers,11
health,11
examined,11
keeper,11
turf,11
dug,11
brazil,11
faded,11
fitness,11
fights,11
guarded,11
spaghetti,11
painters,11
recorder,11
yawns,11
graduate,11
barbed,11
entire,11
approximately,11
geometric,11
rival,11
brickpaved,11
20,11
straddling,11
cluster,11
robed,11
bounding,11
express,11
reeds,11
seminar,11
slingshot,11
medal,11
launches,11
steaming,11
locker,11
beautifully,11
sweatsuit,11
huddles,11
granite,11
flyer,11
oxford,11
llama,11
darkly,11
setup,11
midflight,11
operated,11
violinists,11
bucks,11
capes,11
id,11
badges,11
separated,11
coal,11
created,11
stroke,11
polkadotted,11
yells,11
gokart,11
skilled,11
fairly,11
seaside,11
ornamental,11
hedges,11
50,11
marking,11
shell,11
greenish,11
wildflowers,11
bunk,11
pops,11
mushroom,11
midswing,11
turntable,11
removed,11
closer,11
lives,11
launching,11
assistant,11
slabs,11
waking,11
suited,11
pressing,11
trapeze,11
onion,11
astride,11
entertained,11
matador,11
stylish,11
beak,11
welllit,11
chart,11
defends,11
lifeguard,11
oxygen,11
entry,10
wonderful,10
flutes,10
tunes,10
teeter,10
totter,10
silhouettes,10
florescent,10
infants,10
reunion,10
stony,10
traveler,10
missed,10
drifting,10
martini,10
donning,10
wields,10
firetrucks,10
surveying,10
overflowing,10
volkswagen,10
sands,10
bulldog,10
sheepdog,10
stir,10
pepper,10
sucks,10
incense,10
handsome,10
layers,10
passage,10
jewelery,10
pleasant,10
carpentry,10
daughters,10
shadowy,10
cuddling,10
desperately,10
hide,10
chopped,10
paisley,10
landscaping,10
collected,10
operator,10
pages,10
sprawled,10
troop,10
yong,10
dramatic,10
grimacing,10
inground,10
overgrown,10
equipped,10
services,10
cookout,10
bookshelf,10
tumbling,10
grate,10
sketching,10
splitting,10
bowed,10
wrecked,10
wake,10
research,10
source,10
arrows,10
knocked,10
contemplates,10
smokey,10
hoe,10
swung,10
motions,10
models,10
movement,10
trekking,10
hurt,10
now,10
coaches,10
charity,10
pharmacy,10
dipping,10
attends,10
rode,10
holder,10
emptying,10
motorboat,10
deciding,10
assisted,10
bonnet,10
forearm,10
twenty,10
came,10
adolescents,10
symphony,10
tether,10
highfives,10
bushy,10
eyebrows,10
lamb,10
tasting,10
patrolling,10
lemonade,10
attacking,10
hoisted,10
recreational,10
answer,10
claw,10
candid,10
sedan,10
rim,10
treads,10
lemon,10
upstairs,10
hulahoops,10
backup,10
whitewater,10
loads,10
squirts,10
freeway,10
lighter,10
rays,10
further,10
flood,10
enters,10
folders,10
lettuce,10
wristbands,10
evergreen,10
artifacts,10
safely,10
pullover,10
restroom,10
scrubbing,10
exposed,10
toyota,10
coworker,10
needed,10
conversations,10
loving,10
chief,10
crime,10
shipping,10
pasture,10
released,10
learns,10
recent,10
apparent,10
devil,10
torso,10
wars,10
burying,10
clams,10
shorter,10
tablet,10
cycles,10
grains,10
went,10
coastline,10
grasses,10
excavator,10
videotapes,10
utensils,10
jetty,10
chores,10
think,10
paving,10
pressed,10
bake,10
instead,10
vacant,10
parasail,10
shadowed,10
conical,10
architectural,10
browses,10
comforter,10
toboggan,10
documents,10
topic,10
swans,10
blacktop,10
whist,10
puma,10
add,10
prizes,10
prays,10
pursued,10
camcorder,10
possessions,10
logos,10
dips,10
parklike,10
studded,10
sightseeing,10
brownskinned,10
hazard,10
aids,10
situated,10
enough,10
scores,10
completed,10
salvation,10
beachfront,10
horned,10
stoops,10
bark,10
octopus,10
obese,10
waterfalls,10
media,10
bumper,10
slumped,10
beards,10
manipulating,10
eiffel,10
simple,10
sunrise,10
melting,10
grip,10
cellist,10
hurry,10
heeled,10
bespectacled,10
handinhand,10
strangely,10
pursuit,10
hours,10
buck,10
polishing,10
wintry,10
dachshund,10
dries,10
interest,10
stride,10
disposable,10
trinkets,10
muscles,10
comb,10
subject,10
peanut,10
ballroom,10
bullhorn,10
espresso,10
vietnamese,10
facade,10
uneven,10
squarepants,10
sponges,10
raincoats,10
flaps,10
francisco,10
flash,10
looms,10
proper,10
pelican,10
losing,10
county,10
why,10
pedestal,10
dealer,10
braid,10
grind,10
glow,10
parading,10
happiness,10
padding,10
bearer,10
melons,10
hell,10
ponchos,10
shark,10
sombreros,10
unload,10
toppings,10
gymnasts,10
locals,10
brow,10
smart,10
granddaughter,10
notebooks,10
airways,10
halfpipe,10
key,10
brave,10
capturing,10
curls,10
page,10
exhausted,10
rebound,10
pumping,10
mixture,10
healthcare,10
album,10
mermaid,10
related,10
gone,10
